bin_index,lower,upper,count,accuracy,confidence,gap
0,0.0,0.1,0,0.0,0.0,0.0
1,0.1,0.2,0,0.0,0.0,0.0
2,0.2,0.3,0,0.0,0.0,0.0
3,0.3,0.4,0,0.0,0.0,0.0
4,0.4,0.5,0,0.0,0.0,0.0
5,0.5,0.6,127,0.5590551181102362,0.5511593822345413,0.00789573587569492
6,0.6,0.7,151,0.695364238410596,0.6503800554432659,0.04498418296733009
7,0.7,0.8,125,0.76,0.7514225973406243,0.008577402659375677
8,0.8,0.9,39,0.8974358974358975,0.8270392480646352,0.07039664937126222
9,0.9,1.0,0,0.0,0.0,0.0
