bin_index,lower,upper,count,accuracy,confidence,gap
0,0.0,0.1,0,0.0,0.0,0.0
1,0.1,0.2,0,0.0,0.0,0.0
2,0.2,0.3,0,0.0,0.0,0.0
3,0.3,0.4,0,0.0,0.0,0.0
4,0.4,0.5,0,0.0,0.0,0.0
5,0.5,0.6,3,0.0,0.5538217178834565,0.5538217178834565
6,0.6,0.7,5,0.4,0.6561890814866012,0.25618908148660113
7,0.7,0.8,5,0.6,0.744521982954195,0.14452198295419505
8,0.8,0.9,7,0.7142857142857143,0.8340001363088522,0.11971442202313787
9,0.9,1.0,20,0.75,0.9405244042504173,0.19052440425041728
