bin_index,lower,upper,count,accuracy,confidence,gap
0,0.0,0.1,0,0.0,0.0,0.0
1,0.1,0.2,0,0.0,0.0,0.0
2,0.2,0.3,0,0.0,0.0,0.0
3,0.3,0.4,0,0.0,0.0,0.0
4,0.4,0.5,0,0.0,0.0,0.0
5,0.5,0.6,1,1.0,0.5250041676062935,0.47499583239370646
6,0.6,0.7,1,0.0,0.6093441186497429,0.6093441186497429
7,0.7,0.8,0,0.0,0.0,0.0
8,0.8,0.9,0,0.0,0.0,0.0
9,0.9,1.0,38,0.7368421052631579,0.9956581980725466,0.2588160928093888
