bin_index,lower,upper,count,accuracy,confidence,gap
0,0.0,0.1,0,0.0,0.0,0.0
1,0.1,0.2,0,0.0,0.0,0.0
2,0.2,0.3,0,0.0,0.0,0.0
3,0.3,0.4,0,0.0,0.0,0.0
4,0.4,0.5,0,0.0,0.0,0.0
5,0.5,0.6,11,0.2727272727272727,0.5501582655955933,0.2774309928683206
6,0.6,0.7,5,0.8,0.6414766000331176,0.15852339996688247
7,0.7,0.8,7,0.5714285714285714,0.7588462669720124,0.187417695543441
8,0.8,0.9,15,0.8,0.8508352924793071,0.05083529247930707
9,0.9,1.0,2,1.0,0.9224698059246361,0.07753019407536388
