bin_index,lower,upper,count,accuracy,confidence,gap
0,0.0,0.1,0,0.0,0.0,0.0
1,0.1,0.2,0,0.0,0.0,0.0
2,0.2,0.3,0,0.0,0.0,0.0
3,0.3,0.4,0,0.0,0.0,0.0
4,0.4,0.5,0,0.0,0.0,0.0
5,0.5,0.6,5,0.2,0.5361451510213282,0.3361451510213282
6,0.6,0.7,2,0.0,0.6961718758555098,0.6961718758555098
7,0.7,0.8,5,0.8,0.7545275504936566,0.04547244950634344
8,0.8,0.9,6,0.5,0.8502530991490559,0.3502530991490559
9,0.9,1.0,22,0.9090909090909091,0.9594994797421361,0.05040857065122706
