bin_index,lower,upper,count,accuracy,confidence,gap
0,0.0,0.1,0,0.0,0.0,0.0
1,0.1,0.2,0,0.0,0.0,0.0
2,0.2,0.3,0,0.0,0.0,0.0
3,0.3,0.4,0,0.0,0.0,0.0
4,0.4,0.5,0,0.0,0.0,0.0
5,0.5,0.6,1,0.0,0.5570237003840233,0.5570237003840233
6,0.6,0.7,2,0.5,0.6361516989701763,0.13615169897017632
7,0.7,0.8,1,1.0,0.782923306393826,0.217076693606174
8,0.8,0.9,5,0.2,0.8251194167357954,0.6251194167357954
9,0.9,1.0,31,0.7741935483870968,0.9792710919028265,0.2050775435157297
