{
  "validation": "results/mixed_simple_predictions_rsna_val_densenet121_seed44.csv",
  "test": "results/mixed_simple_predictions_rsna_test_densenet121_seed44.csv",
  "selection_split": "validation",
  "operating_points": {
    "balanced_accuracy": {
      "threshold": 0.378,
      "validation": {
        "threshold": 0.378,
        "sample_count": 213,
        "positive_count": 106,
        "negative_count": 107,
        "tn": 82,
        "fp": 25,
        "fn": 10,
        "tp": 96,
        "accuracy": 0.8356807511737089,
        "balanced_accuracy": 0.8360077587727033,
        "precision": 0.7933884297520661,
        "recall": 0.9056603773584906,
        "specificity": 0.7663551401869159,
        "f1": 0.8458149779735683
      },
      "test": {
        "threshold": 0.378,
        "sample_count": 442,
        "positive_count": 227,
        "negative_count": 215,
        "tn": 157,
        "fp": 58,
        "fn": 42,
        "tp": 185,
        "accuracy": 0.7737556561085973,
        "balanced_accuracy": 0.7726052658539084,
        "precision": 0.7613168724279835,
        "recall": 0.8149779735682819,
        "specificity": 0.7302325581395349,
        "f1": 0.7872340425531916
      }
    },
    "recall_at_least_0.90": {
      "threshold": 0.378,
      "validation": {
        "threshold": 0.378,
        "sample_count": 213,
        "positive_count": 106,
        "negative_count": 107,
        "tn": 82,
        "fp": 25,
        "fn": 10,
        "tp": 96,
        "accuracy": 0.8356807511737089,
        "balanced_accuracy": 0.8360077587727033,
        "precision": 0.7933884297520661,
        "recall": 0.9056603773584906,
        "specificity": 0.7663551401869159,
        "f1": 0.8458149779735683
      },
      "test": {
        "threshold": 0.378,
        "sample_count": 442,
        "positive_count": 227,
        "negative_count": 215,
        "tn": 157,
        "fp": 58,
        "fn": 42,
        "tp": 185,
        "accuracy": 0.7737556561085973,
        "balanced_accuracy": 0.7726052658539084,
        "precision": 0.7613168724279835,
        "recall": 0.8149779735682819,
        "specificity": 0.7302325581395349,
        "f1": 0.7872340425531916
      }
    },
    "recall_at_least_0.95": {
      "threshold": 0.179,
      "validation": {
        "threshold": 0.179,
        "sample_count": 213,
        "positive_count": 106,
        "negative_count": 107,
        "tn": 61,
        "fp": 46,
        "fn": 5,
        "tp": 101,
        "accuracy": 0.7605633802816901,
        "balanced_accuracy": 0.7614618233115853,
        "precision": 0.6870748299319728,
        "recall": 0.9528301886792453,
        "specificity": 0.5700934579439252,
        "f1": 0.7984189723320159
      },
      "test": {
        "threshold": 0.179,
        "sample_count": 442,
        "positive_count": 227,
        "negative_count": 215,
        "tn": 126,
        "fp": 89,
        "fn": 25,
        "tp": 202,
        "accuracy": 0.7420814479638009,
        "balanced_accuracy": 0.7379571765187993,
        "precision": 0.6941580756013745,
        "recall": 0.8898678414096917,
        "specificity": 0.586046511627907,
        "f1": 0.7799227799227798
      }
    }
  }
}
