{
  "simple": {
    "kermany_grouped_test": {
      "accuracy": {
        "mean": 0.9680911680911681,
        "std": 0.004385984136279372
      },
      "balanced_accuracy": {
        "mean": 0.9684467825465801,
        "std": 0.004032900929161323
      },
      "precision": {
        "mean": 0.9884648577036418,
        "std": 0.0018242862647798934
      },
      "recall": {
        "mean": 0.9676791277258567,
        "std": 0.0052678151318024235
      },
      "specificity": {
        "mean": 0.9692144373673036,
        "std": 0.004864730037108109
      },
      "f1": {
        "mean": 0.977957157917729,
        "std": 0.0030752249713173756
      },
      "roc_auc": {
        "mean": 0.9942952953548823,
        "std": 0.0012448834080410081
      },
      "brier_score": {
        "mean": 0.025030762347018832,
        "std": 0.0034944251119017134
      },
      "ece": {
        "mean": 0.010122885501810066,
        "std": 0.00042977423121473937
      }
    },
    "rsna_test": {
      "accuracy": {
        "mean": 0.7631975867269986,
        "std": 0.010691890557132622
      },
      "balanced_accuracy": {
        "mean": 0.7645391524092476,
        "std": 0.009464903378126752
      },
      "precision": {
        "mean": 0.8041088854648177,
        "std": 0.024603828097256617
      },
      "recall": {
        "mean": 0.7151248164464024,
        "std": 0.059157818145326516
      },
      "specificity": {
        "mean": 0.813953488372093,
        "std": 0.04262861111586826
      },
      "f1": {
        "mean": 0.7553921449614284,
        "std": 0.023964908116915002
      },
      "roc_auc": {
        "mean": 0.8565037735204727,
        "std": 0.002628305406486625
      },
      "brier_score": {
        "mean": 0.16728312198214934,
        "std": 0.00682836414928075
      },
      "ece": {
        "mean": 0.09001529491381628,
        "std": 0.005754493070405985
      }
    }
  },
  "domain_balanced": {
    "kermany_grouped_test": {
      "accuracy": {
        "mean": 0.9623931623931624,
        "std": 0.0022613259068928046
      },
      "balanced_accuracy": {
        "mean": 0.9534620116276763,
        "std": 0.01687516228703836
      },
      "precision": {
        "mean": 0.976153103378189,
        "std": 0.016893695703486502
      },
      "recall": {
        "mean": 0.9727414330218068,
        "std": 0.015066621590461952
      },
      "specificity": {
        "mean": 0.9341825902335457,
        "std": 0.04875143313462858
      },
      "f1": {
        "mean": 0.974269701512347,
        "std": 0.0011639555505839878
      },
      "roc_auc": {
        "mean": 0.990274718733258,
        "std": 0.0030725252515811543
      },
      "brier_score": {
        "mean": 0.030715083209055437,
        "std": 0.004062329334900338
      },
      "ece": {
        "mean": 0.01769532954368905,
        "std": 0.00852801303752273
      }
    },
    "rsna_test": {
      "accuracy": {
        "mean": 0.7526395173453997,
        "std": 0.02173987225550467
      },
      "balanced_accuracy": {
        "mean": 0.7534405627838677,
        "std": 0.020988359785516164
      },
      "precision": {
        "mean": 0.7785913695461434,
        "std": 0.006276851244262704
      },
      "recall": {
        "mean": 0.7239353891336271,
        "std": 0.04872440535400016
      },
      "specificity": {
        "mean": 0.7829457364341085,
        "std": 0.007104768519311359
      },
      "f1": {
        "mean": 0.7498293076848969,
        "std": 0.028932697539423378
      },
      "roc_auc": {
        "mean": 0.8493392070484581,
        "std": 0.01024589688350106
      },
      "brier_score": {
        "mean": 0.16704083097524458,
        "std": 0.012032400531604079
      },
      "ece": {
        "mean": 0.07752601525827583,
        "std": 0.02180664542449027
      }
    }
  }
}
