{
  "validation": "results/mixed_simple_predictions_kermany_grouped_val_densenet121_seed42.csv",
  "test": "results/mixed_simple_predictions_kermany_grouped_test_densenet121_seed42.csv",
  "selection_split": "validation",
  "operating_points": {
    "balanced_accuracy": {
      "threshold": 0.529,
      "validation": {
        "threshold": 0.529,
        "sample_count": 579,
        "positive_count": 423,
        "negative_count": 156,
        "tn": 153,
        "fp": 3,
        "fn": 10,
        "tp": 413,
        "accuracy": 0.9775474956822107,
        "balanced_accuracy": 0.9785642844153482,
        "precision": 0.9927884615384616,
        "recall": 0.9763593380614657,
        "specificity": 0.9807692307692307,
        "f1": 0.9845053635280095
      },
      "test": {
        "threshold": 0.529,
        "sample_count": 1170,
        "positive_count": 856,
        "negative_count": 314,
        "tn": 304,
        "fp": 10,
        "fn": 23,
        "tp": 833,
        "accuracy": 0.9717948717948718,
        "balanced_accuracy": 0.9706418536817667,
        "precision": 0.9881376037959668,
        "recall": 0.9731308411214953,
        "specificity": 0.9681528662420382,
        "f1": 0.9805768098881696
      }
    },
    "recall_at_least_0.90": {
      "threshold": 0.958,
      "validation": {
        "threshold": 0.958,
        "sample_count": 579,
        "positive_count": 423,
        "negative_count": 156,
        "tn": 156,
        "fp": 0,
        "fn": 29,
        "tp": 394,
        "accuracy": 0.9499136442141624,
        "balanced_accuracy": 0.9657210401891253,
        "precision": 1.0,
        "recall": 0.9314420803782506,
        "specificity": 1.0,
        "f1": 0.9645042839657283
      },
      "test": {
        "threshold": 0.958,
        "sample_count": 1170,
        "positive_count": 856,
        "negative_count": 314,
        "tn": 310,
        "fp": 4,
        "fn": 93,
        "tp": 763,
        "accuracy": 0.917094017094017,
        "balanced_accuracy": 0.9393081433418655,
        "precision": 0.9947848761408083,
        "recall": 0.8913551401869159,
        "specificity": 0.9872611464968153,
        "f1": 0.940234134319162
      }
    },
    "recall_at_least_0.95": {
      "threshold": 0.529,
      "validation": {
        "threshold": 0.529,
        "sample_count": 579,
        "positive_count": 423,
        "negative_count": 156,
        "tn": 153,
        "fp": 3,
        "fn": 10,
        "tp": 413,
        "accuracy": 0.9775474956822107,
        "balanced_accuracy": 0.9785642844153482,
        "precision": 0.9927884615384616,
        "recall": 0.9763593380614657,
        "specificity": 0.9807692307692307,
        "f1": 0.9845053635280095
      },
      "test": {
        "threshold": 0.529,
        "sample_count": 1170,
        "positive_count": 856,
        "negative_count": 314,
        "tn": 304,
        "fp": 10,
        "fn": 23,
        "tp": 833,
        "accuracy": 0.9717948717948718,
        "balanced_accuracy": 0.9706418536817667,
        "precision": 0.9881376037959668,
        "recall": 0.9731308411214953,
        "specificity": 0.9681528662420382,
        "f1": 0.9805768098881696
      }
    }
  }
}
