{
  "validation": "results/mixed_simple_predictions_kermany_grouped_val_densenet121_seed44.csv",
  "test": "results/mixed_simple_predictions_kermany_grouped_test_densenet121_seed44.csv",
  "selection_split": "validation",
  "operating_points": {
    "balanced_accuracy": {
      "threshold": 0.568,
      "validation": {
        "threshold": 0.568,
        "sample_count": 579,
        "positive_count": 423,
        "negative_count": 156,
        "tn": 153,
        "fp": 3,
        "fn": 15,
        "tp": 408,
        "accuracy": 0.9689119170984456,
        "balanced_accuracy": 0.9726541189307146,
        "precision": 0.9927007299270073,
        "recall": 0.9645390070921985,
        "specificity": 0.9807692307692307,
        "f1": 0.9784172661870503
      },
      "test": {
        "threshold": 0.568,
        "sample_count": 1170,
        "positive_count": 856,
        "negative_count": 314,
        "tn": 307,
        "fp": 7,
        "fn": 31,
        "tp": 825,
        "accuracy": 0.9675213675213675,
        "balanced_accuracy": 0.9707460265491994,
        "precision": 0.9915865384615384,
        "recall": 0.9637850467289719,
        "specificity": 0.9777070063694268,
        "f1": 0.9774881516587678
      }
    },
    "recall_at_least_0.90": {
      "threshold": 0.948,
      "validation": {
        "threshold": 0.948,
        "sample_count": 579,
        "positive_count": 423,
        "negative_count": 156,
        "tn": 156,
        "fp": 0,
        "fn": 36,
        "tp": 387,
        "accuracy": 0.9378238341968912,
        "balanced_accuracy": 0.9574468085106382,
        "precision": 1.0,
        "recall": 0.9148936170212766,
        "specificity": 1.0,
        "f1": 0.9555555555555556
      },
      "test": {
        "threshold": 0.948,
        "sample_count": 1170,
        "positive_count": 856,
        "negative_count": 314,
        "tn": 312,
        "fp": 2,
        "fn": 105,
        "tp": 751,
        "accuracy": 0.9085470085470085,
        "balanced_accuracy": 0.9354835109232693,
        "precision": 0.99734395750332,
        "recall": 0.8773364485981309,
        "specificity": 0.9936305732484076,
        "f1": 0.9334990677439404
      }
    },
    "recall_at_least_0.95": {
      "threshold": 0.69,
      "validation": {
        "threshold": 0.69,
        "sample_count": 579,
        "positive_count": 423,
        "negative_count": 156,
        "tn": 154,
        "fp": 2,
        "fn": 19,
        "tp": 404,
        "accuracy": 0.9637305699481865,
        "balanced_accuracy": 0.9711311147481361,
        "precision": 0.9950738916256158,
        "recall": 0.9550827423167849,
        "specificity": 0.9871794871794872,
        "f1": 0.9746682750301568
      },
      "test": {
        "threshold": 0.69,
        "sample_count": 1170,
        "positive_count": 856,
        "negative_count": 314,
        "tn": 307,
        "fp": 7,
        "fn": 43,
        "tp": 813,
        "accuracy": 0.9572649572649573,
        "balanced_accuracy": 0.9637366807548069,
        "precision": 0.9914634146341463,
        "recall": 0.9497663551401869,
        "specificity": 0.9777070063694268,
        "f1": 0.9701670644391408
      }
    }
  }
}
