{
  "validation": "results/mixed_simple_predictions_rsna_val_densenet121_seed43.csv",
  "test": "results/mixed_simple_predictions_rsna_test_densenet121_seed43.csv",
  "selection_split": "validation",
  "operating_points": {
    "balanced_accuracy": {
      "threshold": 0.247,
      "validation": {
        "threshold": 0.247,
        "sample_count": 213,
        "positive_count": 106,
        "negative_count": 107,
        "tn": 76,
        "fp": 31,
        "fn": 14,
        "tp": 92,
        "accuracy": 0.7887323943661971,
        "balanced_accuracy": 0.7891024510668312,
        "precision": 0.7479674796747967,
        "recall": 0.8679245283018868,
        "specificity": 0.7102803738317757,
        "f1": 0.8034934497816595
      },
      "test": {
        "threshold": 0.247,
        "sample_count": 442,
        "positive_count": 227,
        "negative_count": 215,
        "tn": 161,
        "fp": 54,
        "fn": 42,
        "tp": 185,
        "accuracy": 0.7828054298642534,
        "balanced_accuracy": 0.7819075914353038,
        "precision": 0.7740585774058577,
        "recall": 0.8149779735682819,
        "specificity": 0.7488372093023256,
        "f1": 0.7939914163090128
      }
    },
    "recall_at_least_0.90": {
      "threshold": 0.157,
      "validation": {
        "threshold": 0.157,
        "sample_count": 213,
        "positive_count": 106,
        "negative_count": 107,
        "tn": 69,
        "fp": 38,
        "fn": 10,
        "tp": 96,
        "accuracy": 0.7746478873239436,
        "balanced_accuracy": 0.7752600952213013,
        "precision": 0.7164179104477612,
        "recall": 0.9056603773584906,
        "specificity": 0.6448598130841121,
        "f1": 0.7999999999999999
      },
      "test": {
        "threshold": 0.157,
        "sample_count": 442,
        "positive_count": 227,
        "negative_count": 215,
        "tn": 150,
        "fp": 65,
        "fn": 31,
        "tp": 196,
        "accuracy": 0.7828054298642534,
        "balanced_accuracy": 0.7805552709763344,
        "precision": 0.7509578544061303,
        "recall": 0.8634361233480177,
        "specificity": 0.6976744186046512,
        "f1": 0.8032786885245902
      }
    },
    "recall_at_least_0.95": {
      "threshold": 0.111,
      "validation": {
        "threshold": 0.111,
        "sample_count": 213,
        "positive_count": 106,
        "negative_count": 107,
        "tn": 65,
        "fp": 42,
        "fn": 5,
        "tp": 101,
        "accuracy": 0.7793427230046949,
        "balanced_accuracy": 0.780153412096632,
        "precision": 0.7062937062937062,
        "recall": 0.9528301886792453,
        "specificity": 0.6074766355140186,
        "f1": 0.8112449799196787
      },
      "test": {
        "threshold": 0.111,
        "sample_count": 442,
        "positive_count": 227,
        "negative_count": 215,
        "tn": 129,
        "fp": 86,
        "fn": 28,
        "tp": 199,
        "accuracy": 0.7420814479638009,
        "balanced_accuracy": 0.7383259911894273,
        "precision": 0.6982456140350877,
        "recall": 0.8766519823788547,
        "specificity": 0.6,
        "f1": 0.7773437500000001
      }
    }
  }
}
