path,true_label,predicted_label,prob_NORMAL,prob_PNEUMONIA
val/NORMAL/000924cf-0f8d-42bd-9158-1af53881a557.png,NORMAL,NORMAL,0.99274856,0.00725152
val/NORMAL/0022995a-45eb-4cfa-9a59-cd15f5196c64.png,NORMAL,NORMAL,0.96939832,0.03060167
val/NORMAL/0025d2de-bd78-4d36-9f72-e15a5e22ca82.png,NORMAL,NORMAL,0.95096773,0.04903231
val/NORMAL/0053ee32-1e03-4dc2-a103-f46ad0448787.png,NORMAL,NORMAL,0.94399321,0.05600679
val/PNEUMONIA/001031d9-f904-4a23-b3e5-2c088acd19c6.png,PNEUMONIA,NORMAL,0.78331077,0.21668924
val/PNEUMONIA/001916b8-3d30-4935-a5d1-8eaddb1646cd.png,PNEUMONIA,PNEUMONIA,0.00612381,0.99387616
val/PNEUMONIA/012a5620-d082-4bb8-9b3b-e72d8938000c.png,PNEUMONIA,PNEUMONIA,0.01577399,0.98422605
val/PNEUMONIA/01a7353d-25bb-4ff8-916b-f50dd541dccf.png,PNEUMONIA,PNEUMONIA,0.00336451,0.99663550
