path,true_label,predicted_label,prob_NORMAL,prob_PNEUMONIA
val/NORMAL/000924cf-0f8d-42bd-9158-1af53881a557.png,NORMAL,NORMAL,0.89959413,0.10040592
val/NORMAL/0022995a-45eb-4cfa-9a59-cd15f5196c64.png,NORMAL,NORMAL,0.99573106,0.00426899
val/NORMAL/0025d2de-bd78-4d36-9f72-e15a5e22ca82.png,NORMAL,NORMAL,0.96358448,0.03641549
val/NORMAL/0053ee32-1e03-4dc2-a103-f46ad0448787.png,NORMAL,NORMAL,0.99928719,0.00071286
val/PNEUMONIA/001031d9-f904-4a23-b3e5-2c088acd19c6.png,PNEUMONIA,NORMAL,0.92312676,0.07687328
val/PNEUMONIA/001916b8-3d30-4935-a5d1-8eaddb1646cd.png,PNEUMONIA,PNEUMONIA,0.06589579,0.93410420
val/PNEUMONIA/012a5620-d082-4bb8-9b3b-e72d8938000c.png,PNEUMONIA,PNEUMONIA,0.04525315,0.95474684
val/PNEUMONIA/01a7353d-25bb-4ff8-916b-f50dd541dccf.png,PNEUMONIA,PNEUMONIA,0.08340821,0.91659182
