{
  "kermany_grouped_test": {
    "accuracy": {
      "mean": 0.9735042735042735,
      "std": 0.005337605126836219
    },
    "balanced_accuracy": {
      "mean": 0.9741626485703514,
      "std": 0.003507989593293914
    },
    "precision": {
      "mean": 0.9908806040083382,
      "std": 0.001327658557817341
    },
    "recall": {
      "mean": 0.9727414330218068,
      "std": 0.0077784206991582125
    },
    "specificity": {
      "mean": 0.975583864118896,
      "std": 0.00367739024961545
    },
    "f1": {
      "mean": 0.9817150797283788,
      "std": 0.0037642945793768183
    },
    "roc_auc": {
      "mean": 0.9938662023533147,
      "std": 0.0012957476314227302
    },
    "brier_score": {
      "mean": 0.033314549513377034,
      "std": 0.002418237961663659
    },
    "ece": {
      "mean": 0.09244784414536053,
      "std": 0.007818197055972559
    }
  },
  "rsna_test": {
    "accuracy": {
      "mean": 0.7164404223227753,
      "std": 0.014545476260924466
    },
    "balanced_accuracy": {
      "mean": 0.7116005873715124,
      "std": 0.015630036272271077
    },
    "precision": {
      "mean": 0.6690343492517017,
      "std": 0.021623370795561994
    },
    "recall": {
      "mean": 0.8898678414096917,
      "std": 0.03083700440528636
    },
    "specificity": {
      "mean": 0.5333333333333333,
      "std": 0.058894325312318065
    },
    "f1": {
      "mean": 0.7632795360389804,
      "std": 0.005922485207438054
    },
    "roc_auc": {
      "mean": 0.7825564320595568,
      "std": 0.023057985537176518
    },
    "brier_score": {
      "mean": 0.1971897650370606,
      "std": 0.01113769309696
    },
    "ece": {
      "mean": 0.08371510182182144,
      "std": 0.015601110636688885
    }
  }
}
