{
  "bootstrap_iterations": 2000,
  "groups": [
    {
      "dataset": "kermany_grouped",
      "model": "densenet121",
      "seed_results": [
        {
          "seed": 42,
          "accuracy": 0.9709401709401709,
          "balanced_accuracy": 0.9670330079171379,
          "precision": 0.9846698113207547,
          "recall": 0.9754672897196262,
          "specificity": 0.9585987261146497,
          "f1": 0.9800469483568075,
          "roc_auc": 0.9927748675516399,
          "auprc": 0.9974185672682317,
          "brier_score": 0.022594186131524918
        },
        {
          "seed": 43,
          "accuracy": 0.9777777777777777,
          "balanced_accuracy": 0.9767471278052264,
          "precision": 0.9905437352245863,
          "recall": 0.9789719626168224,
          "specificity": 0.9745222929936306,
          "f1": 0.9847238542890717,
          "roc_auc": 0.992730222037026,
          "auprc": 0.9966248301562555,
          "brier_score": 0.018767223158358978
        },
        {
          "seed": 44,
          "accuracy": 0.9769230769230769,
          "balanced_accuracy": 0.9701135484255015,
          "precision": 0.9836639439906651,
          "recall": 0.9848130841121495,
          "specificity": 0.9554140127388535,
          "f1": 0.9842381786339754,
          "roc_auc": 0.9933329364843145,
          "auprc": 0.9970144546681932,
          "brier_score": 0.018052664257051078
        }
      ],
      "ensemble": {
        "accuracy": 0.9803418803418803,
        "balanced_accuracy": 0.9764829751770938,
        "precision": 0.9882766705744431,
        "recall": 0.9848130841121495,
        "specificity": 0.9681528662420382,
        "f1": 0.9865418373317729,
        "roc_auc": 0.994523483540687,
        "auprc": 0.997889827071855,
        "brier_score": 0.017545187700722945
      },
      "ensemble_patient_bootstrap_95ci": {
        "accuracy": [
          0.9719961374061958,
          0.9880766407875511
        ],
        "balanced_accuracy": [
          0.9655506317141125,
          0.9865269583007664
        ],
        "precision": [
          0.9805340929321702,
          0.9947452266276181
        ],
        "recall": [
          0.9761001633214424,
          0.9922396827033809
        ],
        "specificity": [
          0.9473684210526315,
          0.985120701058201
        ],
        "f1": [
          0.9804449998725231,
          0.9919507843018772
        ],
        "roc_auc": [
          0.990563042098681,
          0.9977810796936677
        ],
        "auprc": [
          0.9961606131296242,
          0.9992355159240407
        ],
        "brier_score": [
          0.01178504858674427,
          0.023466371723218738
        ]
      }
    },
    {
      "dataset": "kermany_grouped",
      "model": "convnext_tiny",
      "seed_results": [
        {
          "seed": 42,
          "accuracy": 0.976068376068376,
          "balanced_accuracy": 0.9745706589677957,
          "precision": 0.9893617021276596,
          "recall": 0.977803738317757,
          "specificity": 0.9713375796178344,
          "f1": 0.9835487661574618,
          "roc_auc": 0.9970719983332341,
          "auprc": 0.9989091564448129,
          "brier_score": 0.018601194681389766
        },
        {
          "seed": 43,
          "accuracy": 0.9777777777777777,
          "balanced_accuracy": 0.9727141496517651,
          "precision": 0.9859484777517564,
          "recall": 0.9836448598130841,
          "specificity": 0.9617834394904459,
          "f1": 0.9847953216374269,
          "roc_auc": 0.9968376093815108,
          "auprc": 0.9988230197063033,
          "brier_score": 0.017756656832335262
        },
        {
          "seed": 44,
          "accuracy": 0.9752136752136752,
          "balanced_accuracy": 0.9639041014346093,
          "precision": 0.9780346820809248,
          "recall": 0.9883177570093458,
          "specificity": 0.9394904458598726,
          "f1": 0.9831493317838466,
          "roc_auc": 0.9951671230430383,
          "auprc": 0.9981585564782138,
          "brier_score": 0.020454031411080858
        }
      ],
      "ensemble": {
        "accuracy": 0.9777777777777777,
        "balanced_accuracy": 0.9727141496517651,
        "precision": 0.9859484777517564,
        "recall": 0.9836448598130841,
        "specificity": 0.9617834394904459,
        "f1": 0.9847953216374269,
        "roc_auc": 0.9967483183522828,
        "auprc": 0.9987781485250204,
        "brier_score": 0.017280218744681247
      },
      "ensemble_patient_bootstrap_95ci": {
        "accuracy": [
          0.9691330711242215,
          0.9861594686173824
        ],
        "balanced_accuracy": [
          0.9604962136804177,
          0.9837532156071043
        ],
        "precision": [
          0.9773494441607641,
          0.9935554897359893
        ],
        "recall": [
          0.9740558380298947,
          0.9918138185977167
        ],
        "specificity": [
          0.9394856128283918,
          0.9817114619409033
        ],
        "f1": [
          0.9785785136763262,
          0.9906134382325337
        ],
        "roc_auc": [
          0.9944686107601727,
          0.9985840325601681
        ],
        "auprc": [
          0.9978322941007759,
          0.9995046274907713
        ],
        "brier_score": [
          0.011319353037480218,
          0.023773485036219847
        ]
      }
    },
    {
      "dataset": "kermany_grouped",
      "model": "vit_b16",
      "seed_results": [
        {
          "seed": 42,
          "accuracy": 0.9854700854700855,
          "balanced_accuracy": 0.9830123816893863,
          "precision": 0.9917936694021102,
          "recall": 0.9883177570093458,
          "specificity": 0.9777070063694268,
          "f1": 0.9900526623756583,
          "roc_auc": 0.997001309601762,
          "auprc": 0.9989212007866478,
          "brier_score": 0.013935349033795917
        },
        {
          "seed": 43,
          "accuracy": 0.9743589743589743,
          "balanced_accuracy": 0.9734024346687302,
          "precision": 0.9893364928909952,
          "recall": 0.9754672897196262,
          "specificity": 0.9713375796178344,
          "f1": 0.9823529411764705,
          "roc_auc": 0.9960377105780106,
          "auprc": 0.9985657998294759,
          "brier_score": 0.021337718375756425
        },
        {
          "seed": 44,
          "accuracy": 0.9743589743589743,
          "balanced_accuracy": 0.9744106792070957,
          "precision": 0.9904988123515439,
          "recall": 0.9742990654205608,
          "specificity": 0.9745222929936306,
          "f1": 0.9823321554770318,
          "roc_auc": 0.9963688314780642,
          "auprc": 0.9986676703430187,
          "brier_score": 0.020518453085539363
        }
      ],
      "ensemble": {
        "accuracy": 0.982051282051282,
        "balanced_accuracy": 0.9816841776296208,
        "precision": 0.9929161747343566,
        "recall": 0.9824766355140186,
        "specificity": 0.9808917197452229,
        "f1": 0.9876688197298884,
        "roc_auc": 0.9968450503006132,
        "auprc": 0.9988487658844711,
        "brier_score": 0.01656255662176458
      },
      "ensemble_patient_bootstrap_95ci": {
        "accuracy": [
          0.9740929393314504,
          0.9892954005646046
        ],
        "balanced_accuracy": [
          0.9723471095848827,
          0.9897842606452156
        ],
        "precision": [
          0.9863688461077237,
          0.9977529349523858
        ],
        "recall": [
          0.9731377948375612,
          0.9908479835885902
        ],
        "specificity": [
          0.964050079491256,
          0.9937699541417542
        ],
        "f1": [
          0.981944908619504,
          0.9926829611430611
        ],
        "roc_auc": [
          0.9946560541998676,
          0.9986655280617195
        ],
        "auprc": [
          0.9979295258114613,
          0.9995320370704834
        ],