{
  "validation": "results/strict_predictions_rsna_val_densenet121_seed42.csv",
  "test": "results/strict_predictions_rsna_test_densenet121_seed42.csv",
  "selection_split": "validation",
  "operating_points": {
    "balanced_accuracy": {
      "threshold": 0.989,
      "validation": {
        "threshold": 0.989,
        "sample_count": 213,
        "positive_count": 106,
        "negative_count": 107,
        "tn": 84,
        "fp": 23,
        "fn": 26,
        "tp": 80,
        "accuracy": 0.7699530516431925,
        "balanced_accuracy": 0.769881855052019,
        "precision": 0.7766990291262136,
        "recall": 0.7547169811320755,
        "specificity": 0.7850467289719626,
        "f1": 0.7655502392344498
      },
      "test": {
        "threshold": 0.989,
        "sample_count": 442,
        "positive_count": 227,
        "negative_count": 215,
        "tn": 160,
        "fp": 55,
        "fn": 75,
        "tp": 152,
        "accuracy": 0.7058823529411765,
        "balanced_accuracy": 0.7068947853703513,
        "precision": 0.7342995169082126,
        "recall": 0.6696035242290749,
        "specificity": 0.7441860465116279,
        "f1": 0.7004608294930875
      }
    },
    "recall_at_least_0.90": {
      "threshold": 0.945,
      "validation": {
        "threshold": 0.945,
        "sample_count": 213,
        "positive_count": 106,
        "negative_count": 107,
        "tn": 59,
        "fp": 48,
        "fn": 10,
        "tp": 96,
        "accuracy": 0.7276995305164319,
        "balanced_accuracy": 0.7285311232586845,
        "precision": 0.6666666666666666,
        "recall": 0.9056603773584906,
        "specificity": 0.5514018691588785,
        "f1": 0.7679999999999999
      },
      "test": {
        "threshold": 0.945,
        "sample_count": 442,
        "positive_count": 227,
        "negative_count": 215,
        "tn": 124,
        "fp": 91,
        "fn": 29,
        "tp": 198,
        "accuracy": 0.7285067873303167,
        "balanced_accuracy": 0.724495441040877,
        "precision": 0.6851211072664359,
        "recall": 0.8722466960352423,
        "specificity": 0.5767441860465117,
        "f1": 0.7674418604651162
      }
    },
    "recall_at_least_0.95": {
      "threshold": 0.713,
      "validation": {
        "threshold": 0.713,
        "sample_count": 213,
        "positive_count": 106,
        "negative_count": 107,
        "tn": 47,
        "fp": 60,
        "fn": 5,
        "tp": 101,
        "accuracy": 0.6948356807511737,
        "balanced_accuracy": 0.6960412625639217,
        "precision": 0.6273291925465838,
        "recall": 0.9528301886792453,
        "specificity": 0.4392523364485981,
        "f1": 0.7565543071161048
      },
      "test": {
        "threshold": 0.713,
        "sample_count": 442,
        "positive_count": 227,
        "negative_count": 215,
        "tn": 87,
        "fp": 128,
        "fn": 9,
        "tp": 218,
        "accuracy": 0.6900452488687783,
        "balanced_accuracy": 0.6825017928490933,
        "precision": 0.630057803468208,
        "recall": 0.960352422907489,
        "specificity": 0.4046511627906977,
        "f1": 0.7609075043630017
      }
    }
  }
}
