{
  "ok": true,
  "created_at": "2026-07-09 21:07:31",
  "predictions": "./results/predictions_test_reproduced_vit_b16.csv",
  "positive_class": "PNEUMONIA",
  "score_column": "prob_PNEUMONIA",
  "sample_count": 624,
  "positive_count": 390,
  "negative_count": 234,
  "threshold_step": 0.001,
  "roc_auc": 0.9709730440499671,
  "default_threshold": {
    "threshold": 0.5,
    "sample_count": 624,
    "positive_count": 390,
    "negative_count": 234,
    "tn": 181,
    "fp": 53,
    "fn": 9,
    "tp": 381,
    "accuracy": 0.9006410256410257,
    "balanced_accuracy": 0.8752136752136752,
    "precision": 0.8778801843317973,
    "recall": 0.9769230769230769,
    "specificity": 0.7735042735042735,
    "f1": 0.9247572815533981,
    "name": "default_0.500"
  },
  "best_balanced_accuracy": {
    "threshold": 0.983,
    "sample_count": 624,
    "positive_count": 390,
    "negative_count": 234,
    "tn": 217,
    "fp": 17,
    "fn": 41,
    "tp": 349,
    "accuracy": 0.907051282051282,
    "balanced_accuracy": 0.9111111111111112,
    "precision": 0.953551912568306,
    "recall": 0.8948717948717949,
    "specificity": 0.9273504273504274,
    "f1": 0.9232804232804234,
    "name": "best_balanced_accuracy"
  },
  "best_accuracy": {
    "threshold": 0.889,
    "sample_count": 624,
    "positive_count": 390,
    "negative_count": 234,
    "tn": 199,
    "fp": 35,
    "fn": 22,
    "tp": 368,
    "accuracy": 0.9086538461538461,
    "balanced_accuracy": 0.8970085470085469,
    "precision": 0.913151364764268,
    "recall": 0.9435897435897436,
    "specificity": 0.8504273504273504,
    "f1": 0.9281210592686002,
    "name": "best_accuracy"
  },
  "best_f1": {
    "threshold": 0.889,
    "sample_count": 624,
    "positive_count": 390,
    "negative_count": 234,
    "tn": 199,
    "fp": 35,
    "fn": 22,
    "tp": 368,
    "accuracy": 0.9086538461538461,
    "balanced_accuracy": 0.8970085470085469,
    "precision": 0.913151364764268,
    "recall": 0.9435897435897436,
    "specificity": 0.8504273504273504,
    "f1": 0.9281210592686002,
    "name": "best_f1"
  },
  "recall_floor_operating_points": {
    "0.995": {
      "threshold": 0.059,
      "sample_count": 624,
      "positive_count": 390,
      "negative_count": 234,
      "tn": 133,
      "fp": 101,
      "fn": 1,
      "tp": 389,
      "accuracy": 0.8365384615384616,
      "balanced_accuracy": 0.7829059829059829,
      "precision": 0.7938775510204081,
      "recall": 0.9974358974358974,
      "specificity": 0.5683760683760684,
      "f1": 0.884090909090909,
      "name": "recall>=0.995"
    },
    "0.990": {
      "threshold": 0.267,
      "sample_count": 624,
      "positive_count": 390,
      "negative_count": 234,
      "tn": 165,
      "fp": 69,
      "fn": 3,
      "tp": 387,
      "accuracy": 0.8846153846153846,
      "balanced_accuracy": 0.8487179487179488,
      "precision": 0.8486842105263158,
      "recall": 0.9923076923076923,
      "specificity": 0.7051282051282052,
      "f1": 0.9148936170212766,
      "name": "recall>=0.990"
    },
    "0.980": {
      "threshold": 0.387,
      "sample_count": 624,
      "positive_count": 390,
      "negative_count": 234,
      "tn": 175,
      "fp": 59,
      "fn": 7,
      "tp": 383,
      "accuracy": 0.8942307692307693,
      "balanced_accuracy": 0.864957264957265,
      "precision": 0.8665158371040724,
      "recall": 0.982051282051282,
      "specificity": 0.7478632478632479,
      "f1": 0.9206730769230769,
      "name": "recall>=0.980"
    },
    "0.950": {
      "threshold": 0.808,
      "sample_count": 624,
      "positive_count": 390,
      "negative_count": 234,
      "tn": 193,
      "fp": 41,
      "fn": 18,
      "tp": 372,
      "accuracy": 0.905448717948718,
      "balanced_accuracy": 0.8893162393162393,
      "precision": 0.9007263922518159,
      "recall": 0.9538461538461539,
      "specificity": 0.8247863247863247,
      "f1": 0.9265255292652553,
      "name": "recall>=0.950"
    }
  },
  "curve_output": "./results/threshold_curve_test_reproduced_vit_b16.csv",
  "figure_output": "./figures/threshold_curve_test_reproduced_vit_b16.png",
  "note": "Thresholds computed on an evaluation split describe trade-offs for that split; use a held-out calibration split for unbiased threshold selection when possible."
}
